-- phpMyAdmin SQL Dump
-- version 5.0.2
-- https://www.phpmyadmin.net/
--
-- Hôte : 127.0.0.1:3306
-- Généré le : sam. 08 jan. 2022 à 21:20
-- Version du serveur :  5.7.31
-- Version de PHP : 7.3.21

SET SQL_MODE = "NO_AUTO_VALUE_ON_ZERO";
START TRANSACTION;
SET time_zone = "+00:00";


/*!40101 SET @OLD_CHARACTER_SET_CLIENT=@@CHARACTER_SET_CLIENT */;
/*!40101 SET @OLD_CHARACTER_SET_RESULTS=@@CHARACTER_SET_RESULTS */;
/*!40101 SET @OLD_COLLATION_CONNECTION=@@COLLATION_CONNECTION */;
/*!40101 SET NAMES utf8mb4 */;

--
-- Base de données : `hhh`
--

-- --------------------------------------------------------

--
-- Structure de la table `constelation`
--

DROP TABLE IF EXISTS `constelation`;
CREATE TABLE IF NOT EXISTS `constelation` (
  `CODE_CONSTELATION` varchar(3) DEFAULT NULL,
  `NAME` varchar(16) DEFAULT NULL,
  `SAISON` varchar(69) DEFAULT NULL,
  `ETOILE_PRINCIPALE` varchar(15) DEFAULT NULL,
  `IMAGE` varchar(98) DEFAULT NULL,
  `DATE_DEBUT` date DEFAULT NULL,
  `DATE_FIN` date DEFAULT NULL
) ENGINE=MyISAM DEFAULT CHARSET=utf8;

--
-- Déchargement des données de la table `constelation`
--

INSERT INTO `constelation` (`CODE_CONSTELATION`, `NAME`, `SAISON`, `ETOILE_PRINCIPALE`, `IMAGE`, `DATE_DEBUT`, `DATE_FIN`) VALUES
('UMa', 'Ursa Major', 'Spring / Printemps', 'Alioth', 'https://www.datastro.eu/api/datasets/1.0/88-constellations/images/709a5c93e41d20fbb9e382a321cdd6b1', NULL, NULL),
('Tri', 'Triangulum', 'Autumn / Automne', 'β Trianguli', 'https://www.datastro.eu/api/datasets/1.0/88-constellations/images/9873a1404e249c2ceef3e76363db0833', NULL, NULL),
('Gem', 'Gemini', 'Winter / Hiver', 'Pollux', 'https://www.datastro.eu/api/datasets/1.0/88-constellations/images/68305ffebef494c6eca29ad75c8c365a', NULL, NULL),
('Col', 'Columba', 'Southern hemisphere constellation / Constellation de l\'hémisphère sud', 'Phact', 'https://www.datastro.eu/api/datasets/1.0/88-constellations/images/a06c4f91e3e0bd0cdd72fd9abd0a7f38', NULL, NULL),
('CMi', 'Canis Minor', 'Winter / Hiver', 'Procyon', 'https://www.datastro.eu/api/datasets/1.0/88-constellations/images/7f5cd65acd0f070c14555b0dfe2c2cc7', NULL, NULL),
('Cru', 'Crux', 'Southern hemisphere constellation / Constellation de l\'hémisphère sud', 'Acrux', 'https://www.datastro.eu/api/datasets/1.0/88-constellations/images/ecfd8b30f9f9f238bee9c0caa41edf2f', NULL, NULL),
('CVn', 'Canes Venatici', 'Spring / Printemps', 'Cor Caroli', 'https://www.datastro.eu/api/datasets/1.0/88-constellations/images/4092eb20acb56c731250089be02f3c66', NULL, NULL),
('Leo', 'Leo', 'Winter / Hiver', 'Regulus', 'https://www.datastro.eu/api/datasets/1.0/88-constellations/images/770dc69ec073ab80d1ab2ddd93efcbef', NULL, NULL),
('Lyr', 'Lyra', 'Summer / Été', 'Vega', 'https://www.datastro.eu/api/datasets/1.0/88-constellations/images/5f8eb12a82186b186afc94347325a992', NULL, NULL),
('Cep', 'Cepheus', 'Summer / Été', 'Alderamin', 'https://www.datastro.eu/api/datasets/1.0/88-constellations/images/07d7fbf4fd343ccd8d2c6e20d4a5769f', NULL, NULL),
('Cen', 'Centaurus', 'Southern hemisphere constellation / Constellation de l\'hémisphère sud', 'Rigil Kentaurus', 'https://www.datastro.eu/api/datasets/1.0/88-constellations/images/1605d994d78e4efba3fff7d9fa06ed86', NULL, NULL),
('Lib', 'Libra', 'Spring / Printemps', 'Zubeneschamali', 'https://www.datastro.eu/api/datasets/1.0/88-constellations/images/dc0dc58741ca44065a5812aef1545657', NULL, NULL),
('Lep', 'Lepus', 'Autumn / Automne', 'Arneb', 'https://www.datastro.eu/api/datasets/1.0/88-constellations/images/55f42de990043d925754af4a7c3b832e', NULL, NULL),
('Sgr', 'Sagittarius', 'Summer / Été', 'Kaus Australis', 'https://www.datastro.eu/api/datasets/1.0/88-constellations/images/068588538a8a97986f0d68e8b72dc4e2', NULL, NULL),
('Her', 'Hercules', 'Spring / Printemps', 'Kornephoros', 'https://www.datastro.eu/api/datasets/1.0/88-constellations/images/8aa1493b7060bc1797edba3d54f4b7f5', NULL, NULL),
('Cyg', 'Cygnus', 'Summer / Été', 'Deneb', 'https://www.datastro.eu/api/datasets/1.0/88-constellations/images/719a473c6770341fb0b85fd62c389942', NULL, NULL),
('CrA', 'Corona Australis', 'Summer / Été', 'Meridiana', 'https://www.datastro.eu/api/datasets/1.0/88-constellations/images/a5cf836a11cf29670ee965233dca3816', NULL, NULL),
('Lyn', 'Lynx', 'Winter / Hiver', 'α Lyncis', 'https://www.datastro.eu/api/datasets/1.0/88-constellations/images/9c9d6e68bfe8c162cafee33b23dcdaf5', NULL, NULL),
('Phe', 'Phoenix', 'Southern hemisphere constellation / Constellation de l\'hémisphère sud', 'Ankaa', 'https://www.datastro.eu/api/datasets/1.0/88-constellations/images/0f34af9a549e22accc5d442d0157ced1', NULL, NULL),
('Vir', 'Virgo', 'Spring / Printemps', 'Spica', 'https://www.datastro.eu/api/datasets/1.0/88-constellations/images/f80af65e8e4934c2225ae6e37c741dc1', NULL, NULL),
('CMa', 'Canis Major', 'Winter / Hiver', 'Sirius', 'https://www.datastro.eu/api/datasets/1.0/88-constellations/images/b4b8120443712315163dac454abd2e7c', NULL, NULL),
('Aur', 'Auriga', 'Autumn / Automne', 'Capella', 'https://www.datastro.eu/api/datasets/1.0/88-constellations/images/653d6da1b0f4937a87fa827d3571d543', NULL, NULL),
('And', 'Andromeda', 'Autumn / Automne', 'Alpheratz', 'https://www.datastro.eu/api/datasets/1.0/88-constellations/images/b3d7571d82e055f6958cb87422d13197', NULL, NULL),
('Boo', 'Bootes', 'Spring / Printemps', 'Arcturus', 'https://www.datastro.eu/api/datasets/1.0/88-constellations/images/b0d1bf4e90d93e2fe196176863f3cc83', NULL, NULL),
('Ari', 'Aries', 'Autumn / Automne', 'Hamal', 'https://www.datastro.eu/api/datasets/1.0/88-constellations/images/2c52e690507bb10986f7e1d999fb7dc5', NULL, NULL),
('Hya', 'Hydra', 'Winter / Hiver', 'Alphard', 'https://www.datastro.eu/api/datasets/1.0/88-constellations/images/ba18dd57b34aa98a780406c201fdd374', NULL, NULL),
('Crv', 'Corvus', 'Spring / Printemps', 'Gienah', 'https://www.datastro.eu/api/datasets/1.0/88-constellations/images/72eb42a7382b6098f463954e673c26d5', NULL, NULL),
('Dra', 'Draco', 'Spring / Printemps', 'Eltanin', 'https://www.datastro.eu/api/datasets/1.0/88-constellations/images/f5753ae2b7a650d989d385d1356de1db', NULL, NULL),
('Tau', 'Taurus', 'Autumn / Automne', 'Aldebaran', 'https://www.datastro.eu/api/datasets/1.0/88-constellations/images/67eb15164a795fd1a13100b5e19963bf', NULL, NULL),
('Peg', 'Pegasus', 'Summer / Été', 'Enif', 'https://www.datastro.eu/api/datasets/1.0/88-constellations/images/88d13c5a401bc4e4e54f6d328123d011', NULL, NULL),
('Eri', 'Eridanus', 'Autumn / Automne', 'Achernar', 'https://www.datastro.eu/api/datasets/1.0/88-constellations/images/2a3b6d9bae58eac791e5b4c92e73933d', NULL, NULL),
('LMi', 'Leo Minor', 'Winter / Hiver', 'Praecipua', 'https://www.datastro.eu/api/datasets/1.0/88-constellations/images/10bbfa3517239da7e2867d508576ba65', NULL, NULL),
('Per', 'Perseus', 'Autumn / Automne', 'Mirfak', 'https://www.datastro.eu/api/datasets/1.0/88-constellations/images/80c6c4bd24c54dd4d5e562b6970136b7', NULL, NULL),
('Car', 'Carina', 'Southern hemisphere constellation / Constellation de l\'hémisphère sud', 'Canopus', 'https://www.datastro.eu/api/datasets/1.0/88-constellations/images/769e6ae113117efb6795dca147e108b5', NULL, NULL),
('Cnc', 'Cancer', 'Winter / Hiver', 'Tarf', 'https://www.datastro.eu/api/datasets/1.0/88-constellations/images/79d9513ce788773f3ed6083e399070b5', NULL, NULL),
('Crt', 'Crater', 'Winter / Hiver', 'δ Crateris', 'https://www.datastro.eu/api/datasets/1.0/88-constellations/images/72975ff965d457cf8567ba4e15fea89d', NULL, NULL),
('Pup', 'Puppis', 'Southern hemisphere constellation / Constellation de l\'hémisphère sud', 'Naos', 'https://www.datastro.eu/api/datasets/1.0/88-constellations/images/d96d6cc9429462f91724ffc97297a9be', NULL, NULL),
('Sco', 'Scorpius', 'Spring / Printemps', 'Antares', 'https://www.datastro.eu/api/datasets/1.0/88-constellations/images/11c57946eb9a7443e3bb3eb2ab23bdd3', NULL, NULL),
('Ori', 'Orion', 'Winter / Hiver', 'Rigel', 'https://www.datastro.eu/api/datasets/1.0/88-constellations/images/80d7fa5f1d8b835715983aeda3447030', NULL, NULL);

-- --------------------------------------------------------

--
-- Structure de la table `etoile`
--

DROP TABLE IF EXISTS `etoile`;
CREATE TABLE IF NOT EXISTS `etoile` (
  `ID_ETOILE` int(4) DEFAULT NULL,
  `STAR_NAME` varchar(17) DEFAULT NULL,
  `CODE_CONSTELATION` varchar(3) DEFAULT NULL,
  `APPROVAL_DATE` date DEFAULT NULL
) ENGINE=MyISAM DEFAULT CHARSET=utf8;

--
-- Déchargement des données de la table `etoile`
--

INSERT INTO `etoile` (`ID_ETOILE`, `STAR_NAME`, `CODE_CONSTELATION`, `APPROVAL_DATE`) VALUES
(1708, 'Capella', 'Aur', '2016-06-30'),
(2845, 'Gomeisa', 'CMi', '2016-07-20'),
(4534, 'Denebola', 'Leo', '2016-06-30'),
(4392, 'Chalawan', 'UMa', '2015-12-15'),
(1084, 'Ran', 'Eri', '2015-12-15'),
(4405, 'Alkes', 'Crt', '2016-09-12'),
(2657, 'Meridiana', 'CrA', '2017-09-05'),
(3903, 'Meridiana', 'CrA', '2017-09-05'),
(1520, 'Wurren', 'Phe', '2017-11-19'),
(4623, 'Wurren', 'Phe', '2017-11-19'),
(2286, 'Tejat', 'Gem', '2017-02-01'),
(1956, 'Kraz', 'Crv', '2018-06-01'),
(2845, 'Cor Caroli', 'CVn', '2016-07-20'),
(3275, 'Alsciaukat', 'Lyn', '2017-06-30'),
(4662, 'Arneb', 'Lep', '2016-07-20'),
(1520, 'Sceptrum', 'Eri', '2017-06-30'),
(4623, 'Sceptrum', 'Eri', '2017-06-30'),
(4357, 'Zosma', 'Leo', '2016-07-20'),
(3307, 'Avior', 'Car', '2016-07-20'),
(1084, 'Chamukuy', 'Tau', '2017-09-05'),
(1791, 'Elnath', 'Tau', '2016-07-20'),
(1520, 'Alchiba', 'Crv', '2016-09-12'),
(4623, 'Alchiba', 'Crv', '2016-09-12'),
(3852, 'Sheliak', 'Lyr', '2016-08-21'),
(824, 'Khambalia', 'Vir', '2017-09-05'),
(5359, 'Khambalia', 'Vir', '2017-09-05'),
(4033, 'Tania Borealis', 'UMa', '2016-07-20'),
(2040, 'Wazn', 'Col', '2016-07-20'),
(4853, 'Mimosa', 'Cru', '2016-07-20'),
(1325, 'Aladfar', 'Lyr', '2017-09-05'),
(1149, 'Maia', 'Tau', '2016-07-20'),
(2657, 'Zhang', 'Hya', '2017-06-30'),
(3903, 'Zhang', 'Hya', '2017-06-30'),
(4057, 'Zubeneschamali', 'Lib', '2016-08-21'),
(1149, 'Iklil', 'Sco', '2017-09-05'),
(1325, 'Keid', 'Eri', '2016-09-12'),
(4377, 'Unurgunite', 'CMa', '2017-09-05'),
(5351, 'Xuange', 'Boo', '2017-06-30'),
(3572, 'Acubens', 'Cnc', '2016-07-20'),
(3852, 'Biham', 'Peg', '2016-08-21'),
(4375, 'Alula Australis', 'UMa', '2016-07-20'),
(544, 'Mothallah', 'Tri', '2016-08-21'),
(3572, 'Kurhah', 'Cep', '2016-09-12'),
(824, 'Lilii Borea', 'Ari', '2017-09-05'),
(5359, 'Lilii Borea', 'Ari', '2017-09-05'),
(1641, 'Haedus', 'Aur', '2017-06-30'),
(617, 'Hamal', 'Ari', '2016-07-20'),
(2040, 'Talitha', 'UMa', '2016-07-20'),
(3852, 'Subra', 'Leo', '2016-09-12'),
(4700, 'Ginan', 'Cru', '2017-11-19'),
(2040, 'Sarin', 'Her', '2016-09-12'),
(3905, 'Rasalas', 'Leo', '2016-09-12'),
(4910, 'Heze', 'Vir', '2018-06-01'),
(5107, 'Heze', 'Vir', '2018-06-01'),
(1577, 'Hassaleh', 'Aur', '2017-06-30'),
(1903, 'Alnilam', 'Ori', '2016-07-20'),
(4377, 'Nekkar', 'Boo', '2016-08-21'),
(4357, 'Acrab', 'Sco', '2016-08-21'),
(1017, 'Kaus Australis', 'Sgr', '2016-07-20'),
(546, 'Mesarthim', 'Ari', '2016-08-21'),
(3461, 'Asellus Australis', 'Cnc', '2016-11-06'),
(1084, 'Grumium', 'Dra', '2016-09-12'),
(4757, 'Algorab', 'Crv', '2016-07-20'),
(1956, 'Mahasim', 'Aur', '2017-06-30'),
(4700, 'Zavijava', 'Vir', '2016-08-21'),
(5351, 'Kang', 'Vir', '2017-06-30'),
(5235, 'Muphrid', 'Boo', '2016-09-12'),
(1017, 'Mirfak', 'Per', '2016-07-20'),
(834, 'Praecipua', 'LMi', '2017-06-30'),
(2657, 'Muliphein', 'CMa', '2016-08-21'),
(3903, 'Muliphein', 'CMa', '2016-08-21'),
(4033, 'Azmidi', 'Pup', '2018-06-01'),
(4314, 'Felis', 'Hya', '2018-06-01'),
(5497, 'Felis', 'Hya', '2018-06-01'),
(4377, 'Ashlesha', 'Hya', '2018-06-01'),
(1790, 'Bellatrix', 'Ori', '2016-06-30'),
(4377, 'Alula Borealis', 'UMa', '2016-07-20'),
(1956, 'Phact', 'Col', '2016-07-20'),
(4700, 'Nembus', 'And', '2017-09-05'),
(1346, 'Prima Hyadum', 'Tau', '2017-09-05'),
(3449, 'Asellus Borealis', 'Cnc', '2016-11-06'),
(1178, 'Atlas', 'Tau', '2016-08-21'),
(2845, 'Fang', 'Sco', '2017-06-30'),
(4853, 'Deneb', 'Cyg', '2016-06-30'),
(2282, 'Furud', 'CMa', '2016-07-20'),
(5267, 'Hadar', 'Cen', '2016-08-21'),
(4662, 'Gienah', 'Crv', '2016-11-06'),
(5340, 'Arcturus', 'Boo', '2016-06-30'),
(5531, 'Zubenelgenubi', 'Lib', '2016-08-21'),
(4057, 'Algieba', 'Leo', '2016-07-20'),
(5459, 'Rigil Kentaurus', 'Cen', '2016-11-06'),
(3307, 'Sargas', 'Sco', '2016-08-21'),
(4375, 'Maasym', 'Her', '2016-09-12'),
(834, 'Misam', 'Per', '2017-09-05');

-- --------------------------------------------------------

--
-- Structure de la table `position`
--

DROP TABLE IF EXISTS `position`;
CREATE TABLE IF NOT EXISTS `position` (
  `ID_ETOILE` int(4) DEFAULT NULL,
  `RA_HOUR` int(2) DEFAULT NULL,
  `RA_MIN` int(2) DEFAULT NULL,
  `RA_SEC` int(2) DEFAULT NULL,
  `DEC_DEG` int(3) DEFAULT NULL,
  `DEC_MIN` int(2) DEFAULT NULL,
  `DEC_SEC` int(2) DEFAULT NULL,
  `MAGNITUDE` int(1) DEFAULT NULL,
  `LONGITUDE` int(3) DEFAULT NULL,
  `LATTITUDE` int(3) DEFAULT NULL
) ENGINE=MyISAM DEFAULT CHARSET=utf8;

--
-- Déchargement des données de la table `position`
--

INSERT INTO `position` (`ID_ETOILE`, `RA_HOUR`, `RA_MIN`, `RA_SEC`, `DEC_DEG`, `DEC_MIN`, `DEC_SEC`, `MAGNITUDE`, `LONGITUDE`, `LATTITUDE`) VALUES
(546, 1, 53, 32, 19, 17, 37, 5, 256, 238),
(617, 2, 7, 10, 23, 27, 45, 2, 264, 246),
(824, 2, 47, 55, 29, 14, 50, 5, 284, 258),
(834, 2, 50, 42, 55, 53, 44, 4, 286, 312),
(1017, 3, 24, 19, 49, 51, 41, 2, 302, 300),
(1084, 3, 32, 56, -9, 27, 30, 4, 306, 182),
(1149, 3, 45, 50, 24, 22, 4, 4, 312, 248),
(1178, 3, 49, 10, 24, 3, 12, 4, 314, 248),
(1325, 4, 15, 16, -7, 39, 10, 4, 328, 188),
(1346, 4, 19, 48, 15, 37, 39, 4, 330, 232),
(1520, 4, 45, 30, -3, 15, 17, 4, 342, 194),
(1577, 4, 56, 60, 33, 9, 58, 3, 348, 266),
(1641, 5, 6, 31, 41, 14, 4, 3, 354, 282),
(1708, 5, 16, 41, 45, 59, 53, 0, 358, 292),
(1790, 5, 25, 8, 6, 20, 59, 2, 362, 212),
(1791, 5, 26, 18, 28, 36, 27, 2, 364, 258),
(1903, 5, 36, 13, -1, 12, 7, 2, 368, 198),
(1956, 5, 39, 39, -34, 4, 27, 3, 370, 132),
(2040, 5, 50, 58, -35, 46, 6, 3, 376, 132),
(2282, 6, 20, 19, -30, 3, 48, 3, 390, 140),
(2286, 6, 22, 58, 22, 30, 49, 3, 392, 246),
(2657, 7, 3, 45, -15, 38, 0, 4, 412, 172),
(2845, 7, 27, 9, 8, 17, 21, 3, 424, 216),
(3275, 8, 22, 50, 43, 11, 17, 4, 452, 286),
(3307, 8, 22, 31, -59, 30, 34, 2, 452, 84),
(3449, 8, 43, 17, 21, 28, 6, 5, 462, 242),
(3461, 8, 44, 41, 18, 9, 15, 4, 462, 236),
(3572, 8, 58, 29, 11, 51, 28, 4, 470, 224),
(3852, 9, 41, 9, 9, 53, 32, 4, 490, 220),
(3903, 9, 51, 29, -14, 50, 48, 4, 496, 174),
(3905, 9, 52, 46, 26, 0, 25, 4, 496, 252),
(4033, 10, 17, 6, 42, 54, 52, 3, 508, 286),
(4057, 10, 19, 58, 19, 50, 30, 3, 510, 240),
(4314, 11, 5, 20, -27, 17, 36, 5, 532, 146),
(4357, 11, 14, 6, 20, 31, 25, 3, 538, 242),
(4375, 11, 18, 11, 31, 31, 45, 4, 540, 264),
(4377, 11, 18, 29, 33, 5, 39, 3, 540, 266),
(4392, 11, 22, 50, 43, 28, 58, 5, 542, 286),
(4405, 11, 24, 53, -17, 41, 3, 4, 542, 168),
(4534, 11, 49, 4, 14, 34, 19, 2, 554, 230),
(4623, 12, 8, 25, -24, 43, 44, 4, 564, 154),
(4662, 12, 15, 48, -17, 32, 31, 3, 568, 168),
(4700, 12, 21, 22, -60, 24, 4, 4, 570, 80),
(4757, 12, 29, 52, -16, 30, 56, 3, 574, 170),
(4853, 12, 47, 43, -59, 41, 19, 1, 584, 84),
(4910, 12, 55, 36, 3, 23, 51, 3, 588, 206),
(5107, 13, 34, 42, 0, 35, 46, 3, 608, 202),
(5235, 13, 54, 41, 18, 23, 52, 3, 618, 236),
(5267, 14, 3, 49, -60, 22, 22, 1, 622, 80),
(5340, 14, 15, 40, 19, 10, 57, 0, 628, 238),
(5351, 14, 16, 23, 46, 5, 18, 4, 628, 292),
(5359, 14, 19, 7, -13, 22, 16, 5, 630, 174),
(5459, 14, 39, 36, -60, 50, 7, 0, 640, 82),
(5497, 14, 46, 0, -25, 26, 35, 5, 644, 150),
(5531, 14, 50, 53, -16, 2, 31, 3, 646, 168),
(5681, 15, 15, 30, 33, 18, 53, 3, 658, 266),
(5744, 15, 24, 56, 58, 57, 57, 3, 662, 318),
(5787, 15, 35, 32, -14, 47, 22, 4, 668, 174),
(6075, 16, 18, 19, -4, 41, 33, 3, 690, 194),
(6241, 16, 50, 10, -34, 17, 36, 2, 706, 132),
(6396, 17, 8, 47, 65, 42, 53, 3, 714, 332),
(6526, 17, 30, 44, 26, 6, 38, 4, 726, 252),
(6707, 17, 58, 30, 30, 11, 22, 4, 740, 260),
(6710, 18, 0, 29, -3, 41, 25, 5, 740, 196),
(6945, 18, 25, 59, 65, 33, 49, 5, 752, 332),
(7001, 18, 36, 56, 38, 47, 1, 0, 758, 278),
(7125, 18, 51, 12, 59, 23, 18, 5, 766, 318),
(7141, 18, 56, 13, 4, 12, 13, 5, 768, 208),
(7180, 18, 54, 24, 71, 17, 50, 5, 768, 342),
(7235, 19, 5, 25, 13, 51, 48, 3, 772, 228),
(7254, 19, 9, 28, -37, 54, 16, 4, 774, 128),
(7259, 19, 10, 2, -39, 20, 27, 4, 776, 122),
(7264, 19, 9, 46, -21, 1, 25, 3, 774, 158),
(7310, 19, 12, 33, 67, 39, 42, 3, 776, 336),
(7515, 19, 46, 22, -19, 45, 40, 5, 794, 164),
(7525, 19, 46, 16, 10, 36, 48, 3, 794, 222),
(7557, 19, 50, 47, 8, 52, 6, 1, 796, 218),
(7754, 20, 18, 3, -12, 32, 42, 4, 810, 178),
(7790, 20, 25, 39, -56, 44, 7, 2, 812, 90),
(7796, 20, 22, 14, 40, 15, 24, 2, 812, 280),
(7906, 20, 39, 38, 15, 54, 43, 4, 820, 232),
(7924, 20, 41, 26, 45, 16, 49, 1, 820, 290),
(8162, 21, 18, 35, 62, 35, 8, 2, 840, 326),
(8238, 21, 28, 40, 70, 33, 39, 3, 844, 342),
(8634, 22, 41, 28, 10, 49, 53, 3, 880, 222),
(8974, 23, 39, 21, 77, 37, 57, 3, 910, 356),
(544, 1, 53, 5, 29, 34, 44, 3, 256, 260);

-- --------------------------------------------------------

--
-- Structure de la table `utilisateur`
--

DROP TABLE IF EXISTS `utilisateur`;
CREATE TABLE IF NOT EXISTS `utilisateur` (
  `id_utilisateur` int(11) NOT NULL,
  `email` varchar(100) NOT NULL,
  `password` varchar(100) NOT NULL,
  `date_naissance` datetime NOT NULL,
  `gender` varchar(100) NOT NULL,
  `nom` varchar(100) NOT NULL,
  `prenom` varchar(100) NOT NULL
) ENGINE=MyISAM DEFAULT CHARSET=latin1;

--
-- Déchargement des données de la table `utilisateur`
--

INSERT INTO `utilisateur` (`id_utilisateur`, `email`, `password`, `date_naissance`, `gender`, `nom`, `prenom`) VALUES
(1, 'mohammedkhalil.mouhibe@gmail.com', '123', '2001-11-23 00:00:00', 'male', 'mouhibe', 'mohammed khalil'),
(2, 'ghalil.tahri@gmail.com', '123', '2001-11-20 00:00:00', 'male', 'Tahri', 'El Ghali'),
(3, 'anas.moussaoui@gmail.com', '123', '2001-11-16 00:00:00', 'male', 'Moussaoui', 'Anas');
COMMIT;

/*!40101 SET CHARACTER_SET_CLIENT=@OLD_CHARACTER_SET_CLIENT */;
/*!40101 SET CHARACTER_SET_RESULTS=@OLD_CHARACTER_SET_RESULTS */;
/*!40101 SET COLLATION_CONNECTION=@OLD_COLLATION_CONNECTION */;
